{"trainer/global_step":2511,"epoch":3,"train/loss":0.8906934261322021,"train/f1":0.6583336591720581,"_step":7,"val/acc":0.45382165908813477,"_timestamp":1.7520118855870512e+09,"train/acc":0.6919785141944885,"val/f1":0.3815016746520996,"_wandb":{"runtime":192},"val/loss":3.717029333114624,"_runtime":192}