{"trainer/global_step":692,"val/acc":0.06369426846504211,"_timestamp":1.751917011743491e+09,"val/f1":0.007044733967632055,"_wandb":{"runtime":289},"epoch":6,"training_time_sec":290.88624000549316,"_step":14,"train/acc":0.06656050682067871,"_runtime":289,"train/f1":0.047409430146217346,"train/loss":2.8360087871551514,"val/loss":2.825481414794922,"best_f1":0.15336161851882935,"training_time_min":4.848104000091553}