{"val/f1":0.7467690706253052,"_runtime":338,"train/f1":0.939486563205719,"_wandb":{"runtime":338},"train/loss":0.15760663151741028,"training_time_min":5.588267950216929,"best_f1":0.8633967638015747,"_step":18,"val/loss":1.287470817565918,"trainer/global_step":1412,"val/acc":0.7547770738601685,"_timestamp":1.752009421083914e+09,"epoch":8,"training_time_sec":335.29607701301575,"train/acc":0.9419785141944885}