{"trainer/global_step":8791,"training_time_min":8.274920654296874,"val/loss":0.48521360754966736,"_runtime":497,"_step":28,"train/acc":0.8991839289665222,"_timestamp":1.7520105598772533e+09,"epoch":13,"val/acc":0.8423566818237305,"best_f1":0.8473607301712036,"_wandb":{"runtime":497},"training_time_sec":496.4952392578125,"train/loss":0.2765132188796997,"train/f1":0.892469048500061,"val/f1":0.8316997289657593}