{"_wandb":{"runtime":699},"val/f1":0.7899657487869263,"_runtime":699,"training_time_sec":700.8517684936523,"train/f1":0.8482919335365295,"train/acc":0.8621019124984741,"best_f1":0.8235692977905273,"val/loss":0.44526994228363037,"_step":34,"train/loss":0.3634870648384094,"val/acc":0.8184713125228882,"trainer/global_step":1682,"epoch":16,"training_time_min":11.68086280822754,"_timestamp":1.7519181951169982e+09}