{"_timestamp":1.7519188309163415e+09,"epoch":14,"_step":30,"val/f1":0.7646340131759644,"best_f1":0.7860157489776611,"trainer/global_step":1484,"train/acc":0.8452229499816895,"train/f1":0.8283654451370239,"val/acc":0.808917224407196,"_runtime":625,"val/loss":0.5235564112663269,"training_time_sec":626.1174173355103,"_wandb":{"runtime":625},"train/loss":0.4043211340904236,"training_time_min":10.43529028892517}