{"training_time_min":13.618473339080811,"_wandb":{"runtime":818},"_timestamp":1.752011713171866e+09,"training_time_sec":817.1084003448486,"val/acc":0.8646496534347534,"best_f1":0.892327070236206,"train/acc":0.9641719460487366,"_step":42,"val/f1":0.8598664402961731,"train/loss":0.09421277046203613,"_runtime":818,"epoch":20,"trainer/global_step":13187,"train/f1":0.9621151685714722,"val/loss":0.5211442708969116}