{"_runtime":515,"_step":26,"epoch":12,"best_f1":0.8664209842681885,"val/acc":0.8519108295440674,"val/loss":0.5062486529350281,"train/acc":0.9335191249847412,"_timestamp":1.752006666736771e+09,"training_time_sec":514.4752461910248,"train/loss":0.18065595626831055,"train/f1":0.9318259954452515,"trainer/global_step":2040,"val/f1":0.8412207961082458,"training_time_min":8.57458743651708,"_wandb":{"runtime":515}}