{"best_f1":0.8467260599136353,"_timestamp":1.7520074134399068e+09,"epoch":9,"val/acc":0.6815286874771118,"training_time_sec":399.08215069770813,"val/f1":0.6847700476646423,"_wandb":{"runtime":400},"training_time_min":6.651369178295136,"_step":20,"train/acc":0.9375,"train/loss":0.17934544384479523,"val/loss":1.5815328359603882,"trainer/global_step":1569,"train/f1":0.9341249465942383,"_runtime":400}