{"training_time_min":6.419733862082164,"_step":20,"trainer/global_step":3139,"_wandb":{"runtime":386},"_runtime":386,"val/acc":0.8933120965957642,"training_time_sec":385.1840317249298,"best_f1":0.8945764303207397,"epoch":9,"train/acc":0.9799960255622864,"train/f1":0.9789730310440063,"train/loss":0.06098863109946251,"_timestamp":1.7520078217400625e+09,"val/loss":0.4446631669998169,"val/f1":0.8851005434989929}