{"epoch":9,"training_time_min":6.2123542388280235,"val/f1":0.8921029567718506,"_step":20,"_runtime":373,"best_f1":0.9016010165214539,"_timestamp":1.752008209498037e+09,"train/f1":0.9607789516448975,"train/loss":0.10395294427871704,"val/acc":0.8980891704559326,"training_time_sec":372.7412543296814,"train/acc":0.962380588054657,"trainer/global_step":1569,"_wandb":{"runtime":373},"val/loss":0.3051467835903168}