{"train/loss":0.8976368308067322,"train/f1":0.644070565700531,"train/acc":0.6799362897872925,"training_time_sec":462.08683133125305,"_runtime":461,"val/loss":0.8067054152488708,"epoch":10,"val/acc":0.6958598494529724,"_timestamp":1.7519174844954317e+09,"trainer/global_step":1088,"val/f1":0.6685235500335693,"_wandb":{"runtime":461},"training_time_min":7.7014471888542175,"best_f1":0.669562578201294,"_step":22}