{"training_time_min":10.069143168131511,"_runtime":605,"_step":34,"_wandb":{"runtime":605},"val/acc":0.727707028388977,"train/loss":0.42505863308906555,"train/acc":0.843550980091095,"training_time_sec":604.1485900878906,"val/loss":0.828410267829895,"_timestamp":1.752010045583214e+09,"train/f1":0.8270200490951538,"val/f1":0.6848653554916382,"trainer/global_step":10675,"best_f1":0.7974138259887695,"epoch":16}