{"best_f1":0.9280084371566772,"train/acc":0.9934315085411072,"val/f1":0.9203280210494995,"trainer/global_step":6907,"_wandb":{"runtime":2886},"_runtime":2886,"train/loss":0.020990418270230293,"training_time_sec":2884.7258474826813,"train/f1":0.9922117590904236,"val/loss":0.3253890872001648,"training_time_min":48.078764124711356,"_step":22,"val/acc":0.9235668778419495,"_timestamp":1.7519919635389025e+09,"epoch":10}