{"best_f1":0.8820436000823975,"epoch":10,"train/acc":0.9463574886322021,"training_time_sec":427.2336173057556,"val/f1":0.8818227052688599,"trainer/global_step":3453,"_timestamp":1.7520090677164702e+09,"_runtime":428,"_wandb":{"runtime":428},"val/acc":0.8885350227355957,"training_time_min":7.12056028842926,"train/loss":0.1446957290172577,"val/loss":0.3605124056339264,"_step":22,"train/f1":0.9435465335845947}