{"_timestamp":1.7520108751034703e+09,"_wandb":{"runtime":300},"train/acc":0.8957006335258484,"training_time_sec":299.17253017425537,"train/f1":0.8875681757926941,"best_f1":0.8509461879730225,"epoch":7,"val/loss":1.7628117799758911,"train/loss":0.2818317413330078,"val/acc":0.6178343892097473,"trainer/global_step":1255,"_runtime":300,"val/f1":0.6007785797119141,"training_time_min":4.98620883623759,"_step":16}