{"_wandb":{"runtime":311},"train/f1":0.889487624168396,"train/loss":0.2778255045413971,"_step":16,"val/loss":0.8687682747840881,"training_time_min":5.173057850201925,"val/acc":0.7707006335258484,"_runtime":311,"epoch":7,"train/acc":0.8987858295440674,"best_f1":0.8403729200363159,"val/f1":0.7642369270324707,"_timestamp":1.752006995879419e+09,"training_time_sec":310.3834710121155,"trainer/global_step":5023}