{"val/loss":2.819737195968628,"_runtime":251,"training_time_sec":251.96361112594604,"trainer/global_step":2825,"epoch":8,"training_time_min":4.199393518765768,"train/loss":2.821357011795044,"_step":18,"train/f1":0.050342801958322525,"val/acc":0.06369426846504211,"val/f1":0.007044733967632055,"best_f1":0.029853010550141335,"train/acc":0.06339570134878159,"_timestamp":1.751995861104592e+09,"_wandb":{"runtime":251}}