{"epoch":15,"training_time_min":11.236454355716706,"_timestamp":1.751919515112835e+09,"trainer/global_step":1583,"train/acc":0.8611465096473694,"val/f1":0.7988388538360596,"training_time_sec":674.1872613430023,"train/loss":0.37247586250305176,"best_f1":0.8230670690536499,"train/f1":0.8426811695098877,"_runtime":673,"_wandb":{"runtime":673},"val/loss":0.5231314301490784,"_step":32,"val/acc":0.831210196018219}