{"trainer/global_step":2197,"_runtime":191,"training_time_sec":192.49488997459412,"best_f1":0.8735976219177246,"train/f1":0.8973718285560608,"train/acc_step":0.9375,"val/loss":0.3369740843772888,"train/loss_step":0.350768506526947,"training_time_min":3.2082481662432354,"epoch":6,"val/acc":0.8630573153495789,"_step":233,"train/acc_epoch":0.9063495397567749,"_wandb":{"runtime":191},"train/loss_epoch":0.2428373545408249,"val/f1":0.8522447347640991,"_timestamp":1.751997683191221e+09}