{"val/loss":0.8277115821838379,"train/loss":0.8339518904685974,"val/acc":0.7101910710334778,"training_time_sec":696.3591547012329,"train/f1":0.6619790196418762,"_runtime":696,"epoch":24,"val/f1":0.6679610013961792,"best_f1":0.6862620115280151,"training_time_min":11.605985911687215,"_timestamp":1.7519984214616058e+09,"_wandb":{"runtime":696},"train/acc":0.6966560482978821,"_step":50,"trainer/global_step":7849}