{"val/acc":0.8391719460487366,"training_time_min":6.5690072218577065,"_timestamp":1.7520086207367017e+09,"epoch":9,"_runtime":395,"train/f1":0.9417797327041626,"_wandb":{"runtime":395},"train/loss":0.14952406287193298,"train/acc":0.9445660710334778,"best_f1":0.880509614944458,"val/loss":0.5831111073493958,"training_time_sec":394.1404333114624,"_step":20,"trainer/global_step":1569,"val/f1":0.8278837203979492}